EmployeeID,Name,Age,Gender,Department,JobRole,MaritalStatus,Education,EducationField,BusinessTravel,DistanceFromHome,HireDate,TotalWorkingYears,YearsAtCompany,YearsInCurrentRole,NumCompaniesWorked,MonthlyIncome,PercentSalaryHike,StockOptionLevel,OverTime,WorkLifeBalance,JobSatisfaction,EnvironmentSatisfaction,PerformanceRating,TrainingTimesLastYear,Attrition
1001,Amit Patil,24,Female,R&D,Research Scientist,Divorced,5,Life Sciences,Non-Travel,7,2023-10-19,3,3,0,1,28788,12,0,No,1,3,4,3,4,No
1002,Deepak Bhosale,39,Male,Operations,Operations Executive,Divorced,5,Marketing,Travel_Rarely,27,2022-06-15,15,4,4,0,25268,20,1,No,3,1,1,3,5,No
1003,Ganesh Rao,36,Male,R&D,Research Scientist,Divorced,4,Marketing,Travel_Rarely,15,2011-06-11,15,15,9,4,32999,19,1,No,2,3,1,3,6,No
1004,Meera Nair,25,Female,Finance,Finance Manager,Divorced,1,Other,Travel_Rarely,10,2022-05-05,4,4,3,0,51682,15,2,No,2,4,3,3,3,Yes
1005,Rohan Iyer,31,Male,R&D,Lab Technician,Married,4,Human Resources,Travel_Rarely,23,2019-05-10,7,7,4,0,34371,25,0,Yes,1,2,3,3,6,No
1006,Rohan Deshmukh,29,Female,R&D,Lab Technician,Married,4,Technical Degree,Travel_Rarely,4,2018-06-20,8,8,8,1,31464,14,0,Yes,2,2,1,3,1,No
1007,Tanvi Sharma,30,Female,Operations,Operations Manager,Married,1,Life Sciences,Travel_Rarely,15,2019-12-18,7,7,5,1,43183,13,0,No,2,4,2,3,4,No
1008,Arjun Pawar,37,Male,IT,System Admin,Divorced,5,Human Resources,Travel_Rarely,11,2021-01-26,14,5,2,1,35927,24,0,Yes,3,4,2,3,5,Yes
1009,Vikram Pawar,49,Female,R&D,R&D Manager,Married,1,Medical,Travel_Rarely,7,2015-12-25,26,11,1,1,57280,25,1,Yes,4,2,3,4,0,No
1010,Sneha Iyer,26,Female,Operations,Supervisor,Single,2,Medical,Travel_Rarely,1,2024-12-21,2,2,1,0,28566,13,1,No,3,4,2,3,0,Yes
1011,Suresh Sharma,22,Male,R&D,Research Scientist,Divorced,5,Medical,Travel_Rarely,11,2026-03-17,0,0,0,1,24865,11,3,No,3,3,4,3,4,Yes
1012,Sameer Deshmukh,30,Male,Operations,Operations Executive,Single,1,Human Resources,Travel_Rarely,11,2022-01-25,8,4,3,2,32167,18,2,Yes,3,2,2,3,4,No
1013,Pooja Verma,38,Male,R&D,R&D Manager,Divorced,5,Medical,Travel_Frequently,17,2012-04-22,14,14,8,3,54813,25,3,No,2,1,3,3,1,No
1014,Manish Sharma,30,Female,Operations,Operations Executive,Married,1,Technical Degree,Travel_Frequently,6,2022-09-15,7,4,3,0,35754,13,2,No,3,3,3,3,2,Yes
1015,Aditya Joshi,53,Female,R&D,R&D Manager,Married,1,Marketing,Travel_Frequently,2,2023-12-11,32,3,1,0,36786,23,0,No,4,4,2,3,4,No
1016,Neha Joshi,48,Male,Sales,Account Manager,Single,1,Marketing,Travel_Frequently,20,2018-04-04,27,8,0,5,39106,24,0,Yes,4,3,4,3,0,No
1017,Ritu Kulkarni,40,Female,Sales,Sales Executive,Married,2,Marketing,Non-Travel,26,2017-07-22,18,9,7,4,29636,11,0,No,4,3,2,3,5,No
1018,Priya Bhosale,35,Male,Operations,Supervisor,Single,4,Marketing,Non-Travel,27,2020-12-10,12,6,6,1,27798,22,2,No,1,3,3,3,2,No
1019,Aditya Iyer,21,Female,Sales,Sales Manager,Single,5,Marketing,Travel_Frequently,2,2026-05-27,0,0,0,1,36914,16,0,No,1,2,3,3,6,Yes
1020,Nitin Chavan,22,Female,R&D,Research Scientist,Divorced,1,Human Resources,Travel_Rarely,28,2026-12-17,0,0,0,0,28773,23,2,No,2,4,2,3,5,Yes
1021,Sameer Deshmukh,54,Male,IT,IT Manager,Single,1,Life Sciences,Travel_Rarely,21,2008-12-17,33,18,7,0,52879,24,1,Yes,1,3,2,3,3,No
1022,Ganesh Mehta,37,Female,Finance,Financial Analyst,Divorced,2,Medical,Travel_Frequently,21,2018-11-24,16,8,3,5,35620,12,1,No,3,3,3,3,1,No
1023,Om Bhosale,51,Male,Finance,Financial Analyst,Single,1,Other,Travel_Rarely,22,2011-08-03,30,15,8,5,49534,15,1,No,2,4,2,4,3,Yes
1024,Amit Mehta,34,Male,Operations,Supervisor,Married,5,Marketing,Travel_Rarely,5,2013-11-15,13,13,1,1,45509,15,2,No,2,4,3,3,0,No
1025,Priya Joshi,45,Female,IT,System Admin,Married,3,Marketing,Travel_Frequently,4,2023-05-28,22,3,2,0,25797,11,3,Yes,3,3,4,3,2,No
1026,Riya Mehta,30,Female,Sales,Account Manager,Married,3,Medical,Travel_Frequently,26,2018-03-21,8,8,6,2,42192,21,1,No,3,2,1,4,3,No
1027,Ananya Bhosale,31,Male,HR,Recruiter,Divorced,3,Marketing,Travel_Frequently,24,2019-08-18,7,7,5,1,30767,21,0,No,3,1,3,3,4,No
1028,Deepak Rao,29,Female,Operations,Supervisor,Single,3,Human Resources,Travel_Rarely,11,2019-08-09,7,7,1,0,31913,14,2,No,3,3,3,3,2,No
1029,Ananya Verma,26,Male,Sales,Account Manager,Married,4,Technical Degree,Travel_Frequently,28,2023-08-15,3,3,3,1,32161,11,1,No,4,4,3,3,6,No
1030,Isha Sharma,50,Male,Sales,Sales Executive,Divorced,2,Medical,Non-Travel,30,2009-05-08,29,17,1,0,48601,13,1,No,3,4,1,3,4,No
1031,Ritu Patil,38,Female,Sales,Sales Manager,Divorced,5,Medical,Non-Travel,8,2011-06-08,15,15,7,3,62410,21,0,Yes,3,3,3,3,5,No
1032,Sonal Patil,44,Female,IT,IT Manager,Divorced,3,Other,Travel_Rarely,3,2020-04-16,20,6,0,6,40767,23,2,Yes,2,4,2,4,3,No
1033,Swati Kulkarni,24,Female,Operations,Operations Executive,Divorced,4,Life Sciences,Travel_Rarely,2,2026-01-10,2,0,0,0,25366,25,0,Yes,1,2,2,3,4,No
1034,Vikram Gupta,31,Female,IT,System Admin,Married,3,Life Sciences,Travel_Frequently,14,2026-09-15,10,0,0,0,20026,23,0,No,4,4,3,3,3,Yes
1035,Tanvi Joshi,47,Male,R&D,Lab Technician,Married,4,Life Sciences,Travel_Frequently,3,2006-12-11,25,20,12,0,40275,14,2,No,2,2,4,3,2,No
1036,Divya Deshmukh,22,Male,R&D,R&D Manager,Married,4,Technical Degree,Travel_Rarely,30,2026-06-15,0,0,0,1,41736,25,1,Yes,4,2,3,3,1,Yes
1037,Sameer Nair,36,Male,HR,HR Manager,Divorced,4,Human Resources,Travel_Rarely,11,2024-08-20,12,2,2,0,41795,12,0,Yes,1,3,3,3,1,Yes
1038,Sneha Bhosale,39,Male,IT,IT Manager,Married,3,Other,Travel_Rarely,7,2018-11-26,16,8,4,2,42077,14,0,No,3,2,3,4,4,No
1039,Anjali Rao,51,Male,Operations,Operations Executive,Single,1,Marketing,Non-Travel,4,2012-10-23,29,14,14,2,47396,14,3,No,4,3,2,3,0,No
1040,Kavita Iyer,30,Female,Sales,Sales Manager,Divorced,5,Other,Travel_Rarely,30,2020-07-22,9,6,2,0,35908,17,1,Yes,2,2,4,3,0,No
1041,Sneha Deshmukh,46,Male,Finance,Financial Analyst,Single,3,Technical Degree,Travel_Rarely,10,2013-03-14,23,13,4,5,39764,17,0,No,4,3,3,3,0,No
1042,Isha Reddy,31,Female,R&D,Lab Technician,Divorced,5,Medical,Travel_Frequently,26,2026-08-25,9,0,0,0,19458,20,3,No,2,2,2,3,0,Yes
1043,Ananya Reddy,41,Female,R&D,Research Scientist,Single,5,Other,Travel_Rarely,21,2007-02-05,20,19,12,0,48903,17,1,Yes,3,3,1,4,1,No
1044,Om Bhosale,41,Male,Sales,Account Manager,Married,5,Other,Travel_Rarely,21,2014-10-25,20,12,9,3,56732,17,0,No,3,2,1,4,3,No
1045,Riya Deshmukh,27,Female,IT,System Admin,Married,3,Life Sciences,Travel_Rarely,17,2022-03-01,6,4,2,1,22031,21,0,No,2,4,1,3,3,No
1046,Rahul Rao,33,Male,Operations,Operations Manager,Married,2,Life Sciences,Travel_Rarely,20,2015-09-08,11,11,4,1,45403,25,1,No,3,2,4,3,4,No
1047,Divya Iyer,31,Female,Sales,Sales Executive,Divorced,3,Life Sciences,Travel_Rarely,2,2018-05-13,8,8,6,0,33998,19,1,No,4,2,3,4,5,No
1048,Ritu Nair,35,Female,R&D,Research Scientist,Married,3,Human Resources,Travel_Rarely,10,2013-01-05,13,13,11,0,46825,25,0,Yes,1,1,3,3,4,Yes
1049,Nitin Iyer,24,Male,Finance,Financial Analyst,Married,1,Human Resources,Travel_Rarely,18,2023-02-03,3,3,2,1,30885,20,0,No,4,2,1,4,5,Yes
1050,Swati Reddy,37,Female,Operations,Supervisor,Divorced,5,Technical Degree,Travel_Rarely,30,2025-10-18,16,1,1,4,27128,13,3,Yes,3,3,2,3,6,Yes
1051,Riya Joshi,32,Female,Sales,Sales Executive,Divorced,4,Other,Travel_Rarely,1,2024-12-23,9,2,1,0,28280,25,1,No,3,2,1,3,0,Yes
1052,Om Pawar,54,Female,IT,System Admin,Single,5,Life Sciences,Travel_Frequently,9,2017-12-22,31,9,3,0,45839,14,3,No,2,4,2,3,6,No
1053,Priya Deshmukh,22,Male,HR,Recruiter,Divorced,2,Technical Degree,Non-Travel,19,2026-11-21,0,0,0,1,20810,11,0,Yes,4,2,2,3,0,Yes
1054,Sonal Joshi,33,Female,IT,Software Engineer,Single,2,Medical,Non-Travel,2,2014-06-11,12,12,1,1,50740,21,0,No,3,3,2,3,5,No
1055,Rohan Reddy,24,Female,Sales,Sales Manager,Single,5,Other,Travel_Rarely,26,2025-03-14,1,1,1,1,41571,23,0,No,1,3,3,4,4,No
1056,Ganesh Verma,43,Male,R&D,Research Scientist,Divorced,2,Technical Degree,Travel_Frequently,12,2023-08-26,19,3,3,5,29638,20,3,Yes,2,3,3,3,5,No
1057,Deepak Gupta,46,Male,Finance,Accountant,Single,1,Marketing,Travel_Rarely,10,2024-01-12,22,2,1,5,29554,13,0,No,2,3,3,3,6,No
1058,Divya Kapoor,31,Female,HR,HR Manager,Married,2,Medical,Travel_Rarely,15,2019-10-17,7,7,4,2,54360,19,0,No,3,4,2,3,1,No
1059,Nitin Mehta,27,Female,Sales,Sales Executive,Married,2,Medical,Travel_Rarely,24,2023-04-17,5,3,1,1,25486,12,1,Yes,2,3,1,3,6,No
1060,Nitin Verma,46,Female,HR,HR Executive,Divorced,5,Human Resources,Travel_Rarely,21,2019-06-09,25,7,6,5,32125,22,1,No,3,3,2,3,0,No
1061,Divya Verma,31,Female,Operations,Operations Executive,Married,1,Human Resources,Travel_Rarely,17,2018-04-17,8,8,7,1,32759,16,2,No,3,4,1,3,1,No
1062,Sonal Chavan,51,Male,IT,System Admin,Divorced,3,Technical Degree,Travel_Rarely,15,2006-01-03,30,20,11,4,48972,17,1,No,3,3,3,3,3,No
1063,Swati Chavan,58,Female,Finance,Finance Manager,Single,4,Human Resources,Travel_Frequently,26,2023-03-12,35,3,1,2,43965,13,0,No,4,3,3,3,1,No
1064,Tanvi Mehta,51,Male,HR,HR Manager,Married,4,Other,Travel_Rarely,14,2019-06-05,28,7,4,5,47038,23,2,Yes,2,2,3,3,5,Yes
1065,Kavita Kapoor,57,Male,IT,Software Engineer,Divorced,3,Other,Travel_Rarely,1,2022-07-26,34,4,4,6,24928,21,0,No,3,4,2,3,6,Yes
1066,Neha Sharma,56,Male,Finance,Finance Manager,Single,2,Human Resources,Travel_Frequently,24,2020-04-16,33,6,3,5,51909,19,0,No,4,3,3,3,1,No
1067,Vikram Chavan,57,Female,Sales,Sales Manager,Divorced,4,Technical Degree,Travel_Rarely,3,2017-03-02,33,9,7,2,51305,21,0,No,3,4,2,4,4,No
1068,Vikram Gupta,44,Male,Finance,Accountant,Married,4,Marketing,Travel_Rarely,9,2011-02-11,21,15,6,2,47985,15,0,No,2,4,4,3,1,No
1069,Ganesh Deshmukh,23,Male,IT,Software Engineer,Single,5,Human Resources,Travel_Rarely,13,2026-11-22,0,0,0,1,18101,14,2,No,3,1,3,3,3,No
1070,Deepak Patil,32,Female,Sales,Account Manager,Single,1,Other,Travel_Frequently,12,2021-01-16,11,5,0,3,38015,19,2,No,2,1,1,3,4,No
1071,Aditya Reddy,49,Female,IT,System Admin,Divorced,4,Human Resources,Travel_Frequently,22,2026-02-28,28,0,0,5,25789,17,1,Yes,3,4,3,3,0,No
1072,Ganesh Patil,22,Female,IT,Software Engineer,Divorced,4,Other,Travel_Frequently,6,2026-05-02,0,0,0,0,23994,22,2,No,3,1,3,3,3,No
1073,Isha Bhosale,45,Male,Sales,Sales Executive,Single,4,Human Resources,Travel_Rarely,11,2017-07-25,22,9,9,1,41325,18,1,Yes,4,1,4,3,6,No
1074,Deepak Patil,39,Female,Operations,Operations Manager,Divorced,1,Medical,Travel_Rarely,27,2025-07-06,16,1,1,4,41086,17,0,No,3,2,3,3,2,Yes
1075,Amit Bhosale,38,Male,R&D,Research Scientist,Married,5,Human Resources,Travel_Rarely,26,2015-01-26,14,11,8,0,48153,22,3,Yes,3,3,3,3,2,No
1076,Riya Verma,25,Female,HR,Recruiter,Divorced,4,Human Resources,Travel_Rarely,7,2023-08-12,3,3,2,1,23832,13,2,Yes,3,3,4,4,1,Yes
1077,Om Patil,30,Male,R&D,Lab Technician,Divorced,3,Human Resources,Non-Travel,1,2019-03-09,7,7,0,1,31005,18,1,Yes,4,2,1,3,4,No
1078,Ananya Nair,26,Female,R&D,Research Scientist,Single,4,Technical Degree,Travel_Rarely,28,2025-03-12,5,1,0,1,25432,22,3,Yes,3,3,4,3,3,Yes
1079,Manish Nair,24,Female,Sales,Sales Manager,Single,1,Life Sciences,Travel_Rarely,11,2025-07-06,3,1,1,1,35507,22,0,No,3,1,2,3,0,No
1080,Sneha Rao,50,Male,IT,IT Manager,Divorced,2,Life Sciences,Travel_Rarely,28,2025-04-16,28,1,0,6,49380,23,1,Yes,4,4,3,3,2,Yes
1081,Nitin Reddy,32,Male,Sales,Sales Executive,Married,2,Marketing,Travel_Rarely,14,2018-09-02,8,8,2,1,27032,20,2,No,2,3,2,4,0,No
1082,Neha Rao,37,Male,Finance,Accountant,Single,2,Medical,Travel_Rarely,13,2015-09-10,15,11,6,2,30095,24,2,Yes,4,1,4,3,1,No
1083,Rohan Deshmukh,38,Male,R&D,Lab Technician,Single,2,Other,Travel_Rarely,7,2022-05-07,16,4,1,4,35137,25,1,No,2,2,3,3,6,No
1084,Suresh Deshmukh,24,Female,IT,IT Manager,Married,1,Life Sciences,Travel_Rarely,30,2025-09-15,1,1,1,1,33774,15,0,No,4,1,3,3,6,Yes
1085,Tanvi Reddy,41,Male,Sales,Account Manager,Married,1,Other,Travel_Rarely,15,2009-01-04,17,17,1,2,65656,13,0,No,2,2,1,3,6,No
1086,Manish Kulkarni,54,Female,R&D,R&D Manager,Single,1,Other,Travel_Rarely,2,2012-11-19,32,14,1,2,59256,20,1,Yes,2,3,2,3,6,No
1087,Ananya Chavan,47,Female,Sales,Sales Executive,Married,3,Marketing,Travel_Frequently,8,2014-11-12,26,12,0,6,44675,24,3,No,4,4,4,3,4,No
1088,Anjali Joshi,27,Female,Finance,Financial Analyst,Divorced,2,Human Resources,Travel_Rarely,1,2024-05-22,5,2,1,1,27305,23,3,No,1,4,4,3,6,No
1089,Sameer Mehta,37,Male,Finance,Financial Analyst,Married,2,Life Sciences,Travel_Rarely,4,2010-09-05,16,16,0,3,44128,12,0,No,4,4,1,3,1,No
1090,Suresh Kulkarni,38,Female,Operations,Operations Manager,Divorced,3,Technical Degree,Travel_Rarely,23,2024-04-07,16,2,2,4,48238,14,1,No,4,2,3,4,0,No
1091,Yash Verma,43,Male,Operations,Supervisor,Married,3,Technical Degree,Travel_Frequently,10,2019-06-24,21,7,5,4,29255,11,2,Yes,1,4,3,3,3,No
1092,Sonal Verma,47,Male,HR,Recruiter,Divorced,2,Human Resources,Travel_Rarely,28,2015-02-01,24,11,2,5,46375,12,2,No,3,3,4,3,5,No
1093,Kavita Mehta,47,Male,HR,Recruiter,Divorced,4,Technical Degree,Travel_Rarely,15,2007-05-06,24,19,19,0,44658,16,0,No,3,2,4,4,3,No
1094,Swati Chavan,58,Female,IT,System Admin,Married,5,Medical,Travel_Frequently,7,2024-09-24,36,2,1,2,19827,11,0,No,2,3,2,3,3,No
1095,Ganesh Deshmukh,43,Male,R&D,Lab Technician,Single,1,Human Resources,Travel_Rarely,4,2026-10-11,19,0,0,5,26206,21,1,No,4,4,3,3,4,No
1096,Deepak Patil,25,Female,Sales,Sales Manager,Married,3,Other,Travel_Frequently,27,2024-02-12,2,2,0,0,44599,21,0,Yes,3,3,2,3,5,No
1097,Suresh Verma,40,Male,IT,Software Engineer,Single,1,Human Resources,Non-Travel,22,2017-03-06,19,9,6,6,32651,23,1,Yes,3,3,4,3,3,No
1098,Amit Sharma,54,Male,Sales,Sales Executive,Single,1,Other,Travel_Rarely,22,2012-08-20,30,14,9,3,36547,22,0,Yes,1,3,4,4,0,Yes
1099,Ganesh Nair,49,Male,Sales,Sales Manager,Single,2,Life Sciences,Travel_Rarely,30,2007-07-22,28,19,7,1,54667,11,2,No,2,3,4,3,0,No
1100,Ananya Kulkarni,22,Female,R&D,Lab Technician,Married,2,Marketing,Non-Travel,6,2026-06-18,0,0,0,0,22762,19,0,No,4,2,3,4,3,No
1101,Nitin Reddy,36,Female,Sales,Sales Manager,Single,3,Medical,Non-Travel,23,2025-07-13,12,1,1,0,35022,19,2,Yes,3,4,4,3,2,Yes
1102,Karan Mehta,35,Male,R&D,Lab Technician,Divorced,5,Marketing,Travel_Rarely,8,2022-12-19,11,4,2,3,30427,13,2,Yes,3,3,2,3,3,Yes
1103,Riya Iyer,32,Male,Sales,Account Manager,Married,1,Human Resources,Travel_Rarely,26,2016-11-21,10,10,3,0,46554,12,2,Yes,2,4,3,3,6,No
1104,Amit Patil,44,Male,Operations,Operations Executive,Married,4,Medical,Travel_Frequently,12,2013-05-05,21,13,0,5,32418,15,0,No,3,4,1,3,1,No
1105,Priya Gupta,57,Male,Finance,Finance Manager,Married,5,Marketing,Travel_Rarely,22,2008-11-04,35,18,15,5,52349,12,2,No,2,1,4,3,0,No
1106,Yash Reddy,47,Male,Sales,Sales Manager,Married,5,Life Sciences,Travel_Rarely,14,2007-03-16,23,19,7,2,66372,19,2,No,3,3,1,3,3,No
1107,Divya Mehta,32,Female,Sales,Account Manager,Single,2,Life Sciences,Travel_Rarely,12,2016-03-21,10,10,3,2,41286,21,0,Yes,3,3,2,3,4,No
1108,Sameer Joshi,58,Male,Sales,Account Manager,Married,1,Human Resources,Travel_Frequently,25,2016-01-02,36,10,10,6,61367,13,1,No,3,4,1,3,2,No
1109,Ritu Reddy,49,Female,R&D,Research Scientist,Married,4,Human Resources,Travel_Rarely,10,2021-08-14,28,5,2,3,23406,11,1,No,3,4,2,3,2,Yes
1110,Sneha Mehta,43,Male,IT,System Admin,Divorced,5,Other,Travel_Rarely,23,2006-11-06,22,20,9,5,39630,13,2,Yes,3,1,3,4,4,No
1111,Neha Mehta,32,Female,IT,System Admin,Married,2,Human Resources,Travel_Frequently,27,2017-08-24,9,9,3,2,29652,11,0,No,4,4,3,3,1,No
1112,Sonal Gupta,30,Male,Finance,Finance Manager,Single,4,Life Sciences,Travel_Rarely,28,2021-09-23,8,5,1,1,38917,22,0,Yes,3,4,3,3,0,No
1113,Swati Gupta,31,Male,Sales,Sales Executive,Married,5,Other,Travel_Rarely,19,2019-01-24,7,7,0,1,28878,16,1,No,3,3,2,3,4,No
1114,Arjun Verma,44,Female,Finance,Accountant,Divorced,3,Human Resources,Travel_Frequently,1,2006-08-13,20,20,4,2,51525,22,1,Yes,3,3,3,3,4,Yes
1115,Riya Verma,35,Male,Sales,Sales Executive,Married,5,Other,Travel_Rarely,23,2014-08-05,12,12,1,1,42305,14,1,No,3,4,3,4,5,Yes
1116,Riya Reddy,50,Male,Finance,Finance Manager,Single,5,Technical Degree,Travel_Rarely,5,2009-02-20,26,17,5,1,59607,17,0,No,1,3,2,3,5,Yes
1117,Ganesh Bhosale,31,Female,Finance,Finance Manager,Married,1,Medical,Travel_Rarely,17,2018-06-07,8,8,0,1,50469,18,0,No,1,3,4,3,5,No
1118,Ritu Pawar,28,Female,Sales,Account Manager,Single,3,Medical,Travel_Frequently,18,2019-06-05,7,7,1,0,57208,17,2,No,2,4,4,3,3,Yes
1119,Manish Kulkarni,32,Male,Operations,Operations Executive,Single,4,Technical Degree,Travel_Frequently,28,2018-06-19,8,8,2,2,33486,16,0,Yes,4,3,1,3,2,No
1120,Sameer Verma,42,Male,Operations,Supervisor,Divorced,2,Technical Degree,Travel_Rarely,2,2016-01-18,18,10,3,0,44780,13,0,Yes,3,2,3,3,1,No
1121,Isha Nair,44,Male,Operations,Supervisor,Married,1,Marketing,Travel_Rarely,24,2019-06-08,21,7,2,5,42128,14,0,No,3,1,2,3,6,No
1122,Neha Mehta,34,Male,Operations,Operations Executive,Married,4,Human Resources,Travel_Rarely,30,2013-02-19,13,13,6,3,31397,15,2,Yes,3,3,4,3,1,No
1123,Priya Iyer,48,Female,Finance,Accountant,Divorced,3,Marketing,Travel_Rarely,1,2011-04-24,27,15,10,1,44373,14,2,Yes,3,2,3,4,5,Yes
1124,Priya Deshmukh,57,Male,Finance,Financial Analyst,Divorced,3,Human Resources,Non-Travel,29,2022-07-26,34,4,0,1,26602,14,0,No,1,3,3,4,1,Yes
1125,Divya Iyer,46,Female,Finance,Accountant,Divorced,1,Marketing,Travel_Frequently,21,2012-06-14,23,14,13,0,36067,20,2,No,2,1,2,3,6,Yes
1126,Amit Deshmukh,35,Female,Finance,Finance Manager,Divorced,3,Other,Travel_Rarely,23,2014-11-08,12,12,12,0,50134,19,1,Yes,2,3,1,4,2,Yes
1127,Amit Bhosale,28,Male,Operations,Operations Manager,Divorced,2,Marketing,Travel_Rarely,12,2019-06-26,7,7,3,2,44336,24,3,Yes,1,4,2,4,3,Yes
1128,Pooja Pawar,21,Male,Sales,Sales Executive,Single,3,Life Sciences,Travel_Rarely,19,2026-11-09,0,0,0,1,24153,21,2,Yes,1,4,2,3,2,No
1129,Sonal Iyer,51,Male,Sales,Account Manager,Single,1,Marketing,Travel_Frequently,16,2022-08-06,28,4,2,2,39206,16,1,No,3,3,4,3,5,No
1130,Nitin Sharma,28,Male,Operations,Supervisor,Divorced,3,Medical,Travel_Rarely,24,2026-04-26,6,0,0,0,30309,18,1,Yes,2,4,3,4,0,No
1131,Divya Reddy,57,Male,Sales,Account Manager,Single,3,Life Sciences,Travel_Frequently,4,2023-08-03,33,3,0,0,36374,17,0,Yes,3,3,3,4,4,No
1132,Arjun Kulkarni,38,Male,IT,Software Engineer,Single,3,Life Sciences,Travel_Rarely,7,2026-12-23,16,0,0,2,24686,16,0,No,1,3,2,3,3,No
1133,Amit Gupta,45,Female,R&D,R&D Manager,Divorced,4,Medical,Travel_Rarely,1,2014-12-02,23,12,12,3,54654,22,1,No,2,2,1,4,6,Yes
1134,Ananya Joshi,50,Female,IT,System Admin,Divorced,3,Human Resources,Travel_Rarely,13,2011-09-22,29,15,15,4,51728,24,0,No,3,3,3,3,2,No
1135,Amit Rao,54,Female,R&D,Lab Technician,Married,1,Human Resources,Travel_Rarely,17,2008-01-11,30,18,7,1,41903,14,1,Yes,3,2,4,4,5,No
1136,Rohan Iyer,47,Male,IT,System Admin,Divorced,3,Marketing,Travel_Rarely,26,2018-09-05,25,8,6,0,33058,21,0,No,4,3,3,3,6,No
1137,Karan Chavan,44,Male,R&D,R&D Manager,Single,5,Medical,Travel_Rarely,19,2014-02-07,21,12,4,0,56066,15,2,Yes,2,2,4,3,5,No
1138,Rahul Deshmukh,23,Female,Operations,Supervisor,Married,1,Other,Travel_Rarely,14,2026-11-07,0,0,0,1,27952,16,0,No,2,3,4,4,4,No
1139,Amit Patil,46,Female,Sales,Sales Manager,Married,5,Human Resources,Travel_Rarely,30,2011-12-07,22,15,0,0,69498,17,3,Yes,1,3,2,3,0,No
1140,Sonal Patil,45,Female,Operations,Supervisor,Single,1,Human Resources,Travel_Rarely,4,2023-10-05,21,3,0,1,36609,14,1,Yes,3,4,3,3,5,No
1141,Kavita Joshi,42,Female,Operations,Operations Executive,Divorced,5,Marketing,Non-Travel,9,2010-07-28,20,16,0,1,41262,21,2,No,3,3,1,3,6,No
1142,Isha Bhosale,34,Male,R&D,Research Scientist,Married,5,Medical,Travel_Frequently,30,2015-05-08,11,11,10,3,35218,25,2,No,3,1,1,4,6,Yes
1143,Swati Mehta,58,Male,R&D,R&D Manager,Single,2,Medical,Travel_Rarely,6,2014-08-08,34,12,11,3,56681,11,0,No,4,3,1,3,5,No
1144,Deepak Gupta,30,Male,IT,IT Manager,Single,1,Medical,Travel_Rarely,2,2018-04-28,8,8,1,1,54576,22,3,No,2,1,3,3,6,No
1145,Priya Rao,40,Male,IT,IT Manager,Single,2,Other,Travel_Frequently,13,2016-07-04,17,10,8,1,49277,13,1,Yes,3,1,3,3,3,Yes
1146,Anjali Verma,39,Male,Sales,Sales Executive,Married,1,Medical,Travel_Frequently,9,2015-01-19,15,11,0,3,43160,19,2,Yes,3,4,4,4,4,No
1147,Priya Patil,30,Male,Operations,Supervisor,Married,3,Technical Degree,Travel_Rarely,8,2025-07-15,7,1,0,1,24947,12,2,Yes,1,3,1,3,6,Yes
1148,Karan Pawar,47,Male,Sales,Account Manager,Married,3,Life Sciences,Travel_Rarely,24,2013-04-04,25,13,9,6,48280,13,1,Yes,1,3,4,3,2,Yes
1149,Isha Reddy,41,Male,R&D,R&D Manager,Divorced,5,Life Sciences,Travel_Rarely,9,2019-01-16,17,7,2,4,41612,17,1,No,4,4,3,3,0,Yes
1150,Priya Reddy,31,Male,IT,Software Engineer,Divorced,4,Human Resources,Travel_Rarely,4,2018-06-04,9,8,0,3,27066,21,1,Yes,3,4,3,3,1,Yes
1151,Rahul Deshmukh,40,Male,Finance,Finance Manager,Married,2,Life Sciences,Travel_Rarely,30,2024-04-22,17,2,1,4,41138,12,2,Yes,3,2,4,3,1,Yes
1152,Sameer Patil,52,Male,Operations,Supervisor,Divorced,1,Medical,Travel_Frequently,2,2024-12-10,29,2,2,5,33329,12,1,No,3,4,3,3,3,No
1153,Swati Kulkarni,48,Male,IT,IT Manager,Divorced,5,Human Resources,Non-Travel,21,2006-01-13,24,20,16,2,70490,23,2,Yes,2,3,2,3,5,No
1154,Vikram Deshmukh,45,Female,IT,IT Manager,Divorced,3,Other,Travel_Frequently,29,2024-06-18,21,2,0,5,51810,11,0,No,4,4,3,3,2,No
1155,Pooja Pawar,39,Male,R&D,Lab Technician,Divorced,4,Technical Degree,Travel_Frequently,18,2024-10-13,16,2,1,1,22019,21,1,No,4,3,2,3,1,No
1156,Aditya Gupta,31,Male,R&D,R&D Manager,Single,2,Life Sciences,Travel_Rarely,15,2019-11-14,7,7,0,0,53418,22,0,Yes,3,4,3,3,6,No
1157,Rohan Joshi,40,Female,R&D,Lab Technician,Married,4,Technical Degree,Travel_Frequently,23,2010-08-05,16,16,1,5,42917,12,1,No,3,4,4,3,0,No
1158,Om Patil,46,Male,Sales,Account Manager,Divorced,2,Marketing,Travel_Rarely,1,2008-10-16,24,18,8,5,65835,12,2,No,3,4,3,3,2,No
1159,Swati Joshi,33,Male,IT,System Admin,Married,2,Other,Non-Travel,30,2021-07-04,12,5,2,4,28836,23,3,No,2,2,4,3,2,No
1160,Isha Mehta,51,Female,R&D,Lab Technician,Married,4,Human Resources,Travel_Rarely,21,2023-07-17,28,3,1,4,25691,13,0,No,3,4,3,3,3,No
1161,Ganesh Verma,49,Female,IT,Software Engineer,Married,5,Marketing,Travel_Frequently,8,2025-11-24,28,1,1,2,27885,23,1,No,4,4,4,3,1,No
1162,Sonal Kulkarni,46,Female,IT,System Admin,Single,2,Other,Travel_Rarely,18,2011-04-19,22,15,10,2,47052,25,3,Yes,2,1,3,3,6,No
1163,Anjali Reddy,29,Female,Sales,Account Manager,Single,1,Marketing,Travel_Frequently,24,2019-09-09,7,7,3,2,54138,25,0,No,4,3,4,3,6,No
1164,Manish Verma,44,Male,Operations,Supervisor,Single,5,Life Sciences,Travel_Frequently,27,2015-09-27,23,11,0,5,30411,18,1,Yes,2,1,3,3,6,Yes
1165,Deepak Chavan,42,Female,HR,HR Manager,Divorced,2,Marketing,Travel_Rarely,18,2020-07-17,20,6,4,6,44221,13,0,No,3,1,3,3,4,Yes
1166,Yash Reddy,55,Female,Sales,Sales Executive,Single,4,Human Resources,Travel_Rarely,14,2018-01-15,32,8,1,5,41384,20,1,No,2,3,2,3,5,No
1167,Divya Mehta,37,Male,IT,IT Manager,Divorced,1,Other,Travel_Rarely,20,2011-11-11,15,15,9,5,47873,14,1,No,3,4,3,3,5,No
1168,Arjun Kulkarni,43,Male,Sales,Account Manager,Married,4,Life Sciences,Travel_Frequently,4,2026-09-19,19,0,0,6,38338,25,1,No,4,4,3,4,1,No
1169,Riya Gupta,33,Male,Sales,Sales Manager,Single,2,Technical Degree,Non-Travel,5,2016-09-03,10,10,6,3,49860,20,1,Yes,4,4,1,3,1,No
1170,Ritu Kapoor,52,Female,R&D,R&D Manager,Married,2,Marketing,Non-Travel,29,2026-01-28,30,0,0,1,44298,14,1,No,4,3,4,3,4,No
1171,Rohan Patil,51,Male,R&D,R&D Manager,Married,4,Human Resources,Travel_Rarely,3,2007-04-26,27,19,4,0,69416,11,0,No,4,3,4,3,0,No
1172,Aditya Sharma,35,Male,HR,HR Manager,Single,4,Marketing,Travel_Rarely,5,2012-07-01,14,14,10,4,63402,12,2,No,1,1,3,3,2,Yes
1173,Aditya Nair,24,Male,Finance,Financial Analyst,Single,5,Other,Travel_Rarely,1,2025-11-04,1,1,1,0,27574,14,0,No,2,3,1,4,4,No
1174,Nitin Reddy,44,Male,IT,Software Engineer,Married,3,Medical,Travel_Rarely,20,2017-10-19,21,9,4,6,37769,14,0,Yes,2,3,3,3,3,No
1175,Tanvi Pawar,22,Male,Operations,Operations Manager,Single,4,Life Sciences,Travel_Frequently,20,2026-11-21,1,0,0,0,40379,22,0,No,4,1,3,3,1,No
1176,Rahul Rao,36,Female,IT,System Admin,Divorced,3,Medical,Travel_Rarely,29,2013-07-21,15,13,8,0,46138,11,2,No,4,4,3,3,6,No
1177,Neha Mehta,31,Female,Sales,Sales Executive,Divorced,4,Human Resources,Travel_Frequently,25,2017-10-22,9,9,0,1,32635,14,0,No,4,4,3,3,1,No
1178,Meera Pawar,37,Female,IT,Software Engineer,Divorced,3,Human Resources,Travel_Rarely,21,2024-09-04,16,2,2,1,23268,12,1,No,2,1,1,3,2,Yes
1179,Rahul Joshi,49,Female,Finance,Finance Manager,Divorced,4,Technical Degree,Travel_Rarely,23,2023-06-22,27,3,2,2,50582,24,3,No,4,1,4,3,6,Yes
1180,Kavita Kapoor,26,Male,Finance,Financial Analyst,Single,2,Life Sciences,Non-Travel,16,2022-06-12,4,4,2,1,23705,15,1,No,2,1,1,4,1,No
1181,Swati Kulkarni,44,Female,Sales,Account Manager,Single,1,Medical,Travel_Rarely,10,2021-01-04,21,5,4,5,52998,14,1,No,3,4,2,4,2,No
1182,Tanvi Gupta,22,Female,IT,Software Engineer,Married,1,Life Sciences,Travel_Rarely,18,2026-08-08,0,0,0,1,19535,12,1,No,4,3,1,3,2,No
1183,Rahul Verma,51,Male,Finance,Financial Analyst,Divorced,1,Technical Degree,Travel_Rarely,2,2008-08-21,29,18,12,0,44591,24,0,Yes,3,3,4,3,1,Yes
1184,Sameer Gupta,25,Female,Sales,Account Manager,Single,2,Human Resources,Travel_Rarely,21,2022-07-26,4,4,3,1,45591,21,1,No,3,2,3,3,5,No
1185,Suresh Pawar,35,Male,IT,System Admin,Single,4,Medical,Travel_Rarely,10,2012-08-12,14,14,7,0,34245,15,2,No,4,3,3,3,3,No
1186,Kavita Kulkarni,33,Male,IT,Software Engineer,Married,3,Medical,Travel_Rarely,2,2020-08-16,9,6,2,3,30954,21,2,No,3,2,4,3,6,No
1187,Ganesh Chavan,38,Male,Sales,Sales Executive,Married,2,Human Resources,Travel_Rarely,29,2022-12-09,14,4,1,4,24904,17,0,No,3,3,4,3,6,Yes
1188,Vikram Chavan,22,Male,Sales,Sales Manager,Married,2,Medical,Travel_Rarely,3,2026-09-18,0,0,0,1,51050,23,1,No,3,3,3,3,5,No
1189,Manish Gupta,32,Female,Sales,Sales Manager,Married,3,Human Resources,Travel_Frequently,22,2017-11-06,9,9,3,3,61207,11,1,No,3,4,1,3,5,No
1190,Sonal Deshmukh,26,Female,IT,Software Engineer,Single,2,Other,Travel_Rarely,12,2022-07-20,4,4,3,1,28648,21,1,No,4,3,4,3,4,No
1191,Yash Reddy,57,Female,HR,HR Manager,Single,4,Marketing,Travel_Rarely,26,2015-12-19,34,11,11,6,45673,21,2,No,2,3,2,3,1,No
1192,Rohan Verma,31,Female,R&D,Lab Technician,Divorced,2,Life Sciences,Travel_Rarely,18,2016-04-01,10,10,7,0,37965,11,0,Yes,2,3,1,3,2,No
1193,Rahul Pawar,30,Male,Sales,Sales Executive,Married,3,Marketing,Travel_Rarely,14,2020-12-11,6,6,0,2,29081,11,3,Yes,2,1,1,4,1,No
1194,Sonal Iyer,30,Male,Sales,Account Manager,Married,1,Medical,Non-Travel,26,2020-08-19,6,6,2,2,46560,12,1,Yes,3,4,4,3,0,No
1195,Karan Kapoor,27,Male,Sales,Account Manager,Married,5,Human Resources,Non-Travel,24,2023-11-09,3,3,2,1,39420,11,0,Yes,3,3,3,4,1,No
1196,Divya Pawar,40,Female,Sales,Sales Manager,Divorced,3,Life Sciences,Non-Travel,11,2016-09-28,16,10,8,5,41406,19,0,Yes,3,2,1,3,6,No
1197,Nitin Joshi,25,Male,HR,HR Executive,Divorced,3,Other,Travel_Rarely,8,2025-08-03,1,1,1,0,33251,22,1,No,3,4,4,3,0,Yes
1198,Om Chavan,25,Male,Sales,Account Manager,Married,1,Other,Travel_Rarely,14,2025-06-06,1,1,0,1,33798,22,0,No,1,2,4,3,0,No
1199,Vikram Pawar,48,Female,Sales,Sales Executive,Single,4,Human Resources,Travel_Rarely,3,2015-03-24,25,11,1,1,47041,25,0,Yes,2,4,4,3,1,No
1200,Rahul Nair,36,Female,Sales,Account Manager,Married,2,Human Resources,Travel_Rarely,11,2018-01-02,15,8,8,3,57514,21,0,No,4,4,3,3,6,No
1201,Pooja Joshi,40,Female,IT,System Admin,Single,4,Marketing,Non-Travel,8,2009-03-27,17,17,11,3,49812,23,1,No,3,2,4,4,5,No
1202,Rahul Pawar,48,Female,HR,HR Manager,Single,3,Other,Travel_Frequently,12,2022-09-15,25,4,1,4,37833,25,2,No,4,4,3,4,6,No
1203,Nitin Pawar,42,Male,IT,IT Manager,Single,1,Marketing,Travel_Rarely,29,2019-05-21,19,7,1,0,42998,12,1,No,1,4,3,3,3,No
1204,Sonal Sharma,43,Female,R&D,Lab Technician,Married,5,Life Sciences,Travel_Rarely,15,2007-10-19,22,19,18,6,48512,14,0,No,4,3,4,3,4,Yes
1205,Kavita Sharma,32,Male,IT,System Admin,Divorced,2,Other,Non-Travel,26,2017-03-16,9,9,5,0,38003,17,0,No,1,3,2,4,4,No
1206,Nitin Bhosale,56,Female,Finance,Financial Analyst,Divorced,5,Life Sciences,Non-Travel,12,2021-03-05,34,5,0,5,23968,19,0,No,4,4,4,3,1,No
1207,Meera Verma,37,Male,IT,System Admin,Married,5,Other,Non-Travel,2,2019-04-19,14,7,6,1,26128,25,2,No,2,2,3,3,4,No
1208,Neha Chavan,38,Male,IT,IT Manager,Single,1,Technical Degree,Non-Travel,28,2012-04-08,14,14,0,3,68896,21,1,No,2,2,3,3,5,No
1209,Karan Kapoor,40,Female,R&D,Lab Technician,Single,1,Medical,Travel_Rarely,19,2008-10-17,18,18,6,3,46120,13,1,No,3,3,3,3,4,No
1210,Sonal Mehta,25,Female,Sales,Sales Manager,Divorced,3,Marketing,Travel_Frequently,23,2025-11-13,1,1,1,1,46675,18,2,No,1,4,4,3,5,No
1211,Arjun Rao,30,Male,Sales,Account Manager,Single,5,Other,Travel_Frequently,11,2019-08-16,7,7,5,2,42433,19,1,Yes,2,4,4,3,2,No
1212,Ganesh Kulkarni,56,Female,HR,HR Executive,Married,3,Marketing,Travel_Rarely,20,2006-08-06,33,20,15,0,52197,11,0,No,3,4,3,3,2,No
1213,Sonal Deshmukh,24,Male,Sales,Sales Executive,Married,2,Life Sciences,Non-Travel,9,2024-12-13,2,2,1,0,31616,13,1,No,1,4,3,3,5,No
1214,Amit Chavan,29,Male,Finance,Finance Manager,Single,2,Life Sciences,Travel_Rarely,1,2025-07-11,6,1,0,0,48448,13,0,Yes,2,3,3,4,2,Yes
1215,Amit Iyer,22,Female,R&D,Research Scientist,Divorced,2,Marketing,Travel_Rarely,24,2026-06-22,0,0,0,0,25299,20,1,Yes,3,4,3,3,0,No
1216,Rahul Kulkarni,52,Male,IT,IT Manager,Divorced,1,Human Resources,Travel_Frequently,17,2014-10-06,30,12,2,5,64976,17,2,Yes,3,3,2,3,4,No
1217,Suresh Chavan,58,Male,Sales,Sales Executive,Divorced,5,Marketing,Travel_Rarely,11,2016-05-19,35,10,10,6,39946,15,2,No,3,4,1,3,0,No
1218,Tanvi Chavan,58,Male,IT,Software Engineer,Married,1,Human Resources,Travel_Frequently,15,2023-06-07,36,3,3,2,34449,12,2,No,1,3,4,3,5,No
1219,Suresh Patil,50,Female,IT,IT Manager,Single,4,Life Sciences,Travel_Frequently,24,2014-05-27,27,12,10,5,68007,15,0,No,3,4,2,3,3,No
1220,Arjun Patil,26,Male,R&D,Research Scientist,Married,1,Other,Travel_Frequently,11,2021-04-09,5,5,3,1,32918,13,1,No,3,4,2,3,1,No
1221,Sameer Kapoor,25,Female,Sales,Account Manager,Married,1,Technical Degree,Travel_Rarely,26,2025-06-13,1,1,1,0,31946,17,0,No,4,4,4,3,5,Yes
1222,Vikram Bhosale,52,Female,Operations,Supervisor,Divorced,5,Technical Degree,Travel_Rarely,11,2008-01-11,29,18,11,0,40730,17,3,No,2,3,4,3,4,No
1223,Sneha Mehta,44,Female,Sales,Sales Manager,Single,2,Marketing,Travel_Rarely,20,2011-04-22,21,15,6,4,59372,14,2,No,3,2,1,3,5,Yes
1224,Sameer Gupta,38,Male,Operations,Operations Executive,Divorced,3,Human Resources,Travel_Rarely,1,2013-05-19,17,13,1,2,43585,20,1,Yes,3,4,4,3,1,No
1225,Kavita Iyer,22,Female,IT,System Admin,Single,3,Human Resources,Travel_Rarely,14,2025-06-09,1,1,1,0,29665,11,3,No,3,3,2,3,4,Yes
1226,Ritu Kulkarni,28,Male,Sales,Sales Executive,Single,5,Human Resources,Travel_Rarely,18,2021-02-27,7,5,2,2,32371,23,0,Yes,3,2,4,3,6,No
1227,Pooja Chavan,35,Male,R&D,Lab Technician,Single,1,Human Resources,Non-Travel,7,2012-03-06,14,14,8,1,41634,16,2,No,1,4,1,3,3,No
1228,Ganesh Nair,31,Female,R&D,Research Scientist,Divorced,1,Marketing,Travel_Rarely,2,2016-08-01,10,10,1,1,33008,22,2,Yes,3,2,2,3,3,Yes
1229,Suresh Pawar,47,Male,Finance,Financial Analyst,Married,3,Medical,Travel_Rarely,22,2009-02-13,26,17,9,2,35892,17,1,No,1,1,1,3,2,No
1230,Priya Nair,57,Female,R&D,Research Scientist,Single,4,Medical,Travel_Rarely,3,2017-06-08,33,9,1,4,33356,21,0,Yes,4,4,4,3,0,Yes
1231,Ananya Sharma,43,Female,Finance,Finance Manager,Married,3,Medical,Travel_Rarely,15,2015-02-22,21,11,6,5,42084,19,2,No,3,2,4,3,0,No
1232,Swati Kapoor,40,Male,Sales,Sales Manager,Single,5,Human Resources,Travel_Rarely,10,2009-07-14,17,17,14,5,67707,16,0,No,3,4,3,3,1,No
1233,Divya Deshmukh,28,Female,Sales,Sales Manager,Divorced,2,Other,Travel_Rarely,18,2022-05-15,4,4,4,1,40811,17,2,Yes,2,2,3,3,6,No
1234,Meera Kapoor,35,Male,IT,IT Manager,Single,3,Other,Travel_Rarely,9,2015-08-04,11,11,11,2,50617,17,0,No,3,3,4,4,1,No
1235,Vikram Iyer,38,Male,HR,HR Manager,Married,4,Technical Degree,Travel_Rarely,14,2025-07-14,14,1,0,2,34290,13,2,No,1,3,2,3,1,No
1236,Anjali Nair,28,Male,IT,System Admin,Single,5,Marketing,Travel_Rarely,13,2021-11-19,5,5,4,1,32214,11,2,Yes,2,1,1,3,1,Yes
1237,Nitin Chavan,35,Male,R&D,Research Scientist,Divorced,1,Life Sciences,Travel_Rarely,11,2015-07-08,11,11,9,2,47509,12,1,Yes,2,2,3,3,1,Yes
1238,Yash Bhosale,45,Male,Sales,Account Manager,Married,4,Other,Travel_Frequently,15,2010-02-09,24,16,9,2,53888,17,1,No,2,3,3,4,1,No
1239,Kavita Reddy,50,Female,Operations,Operations Executive,Single,1,Life Sciences,Non-Travel,12,2026-05-28,28,0,0,0,24723,18,0,No,3,4,2,3,3,Yes
1240,Swati Bhosale,42,Female,Sales,Sales Manager,Married,3,Life Sciences,Travel_Frequently,22,2017-11-07,19,9,1,4,55836,13,0,No,2,3,4,3,3,Yes
1241,Karan Kapoor,32,Male,R&D,Lab Technician,Married,1,Life Sciences,Travel_Frequently,8,2021-11-17,8,5,2,2,30745,17,1,No,3,2,2,3,5,No
1242,Priya Verma,56,Female,Finance,Accountant,Married,3,Marketing,Travel_Rarely,22,2011-03-27,34,15,3,1,52074,20,2,No,3,2,2,4,3,No
1243,Aditya Deshmukh,58,Male,Sales,Account Manager,Single,5,Life Sciences,Travel_Frequently,20,2018-06-12,36,8,1,1,47446,24,2,No,2,2,2,3,4,Yes
1244,Riya Iyer,24,Male,Sales,Account Manager,Single,3,Other,Travel_Rarely,28,2024-10-20,2,2,2,1,43173,23,3,No,1,1,2,3,5,No
1245,Sameer Rao,45,Female,R&D,R&D Manager,Divorced,3,Other,Non-Travel,8,2020-12-26,21,6,1,2,44041,11,0,Yes,4,3,3,3,0,No
1246,Om Reddy,52,Female,R&D,Research Scientist,Single,2,Technical Degree,Travel_Frequently,16,2021-10-19,28,5,4,6,26444,21,2,No,4,1,2,3,3,No
1247,Ananya Chavan,37,Female,R&D,Research Scientist,Divorced,2,Marketing,Non-Travel,28,2011-03-11,15,15,4,5,47785,24,1,No,3,3,4,3,1,No
1248,Deepak Kapoor,32,Male,R&D,Research Scientist,Divorced,4,Other,Travel_Frequently,16,2021-10-08,10,5,3,1,23293,18,0,No,3,3,2,3,2,No
1249,Rohan Mehta,51,Male,Finance,Accountant,Married,3,Medical,Travel_Frequently,18,2006-03-09,30,20,5,5,49188,11,2,No,1,2,1,3,0,Yes
1250,Anjali Bhosale,36,Female,Operations,Operations Executive,Divorced,1,Marketing,Travel_Rarely,4,2023-07-03,12,3,1,0,30830,11,3,Yes,1,4,3,4,3,Yes
1251,Om Reddy,38,Female,IT,IT Manager,Single,2,Other,Travel_Rarely,18,2013-11-06,16,13,13,3,57517,19,1,Yes,3,4,3,3,2,No
1252,Neha Verma,48,Female,HR,HR Executive,Married,1,Other,Travel_Rarely,1,2022-12-26,26,4,3,5,34327,19,1,No,2,3,2,3,2,No
1253,Om Kulkarni,40,Male,Sales,Account Manager,Divorced,5,Technical Degree,Travel_Rarely,17,2015-11-23,19,11,11,1,42126,19,1,No,3,1,4,3,1,No
1254,Manish Mehta,28,Female,R&D,R&D Manager,Married,2,Medical,Travel_Rarely,13,2019-01-20,7,7,7,1,44228,13,1,Yes,2,2,4,3,0,No
1255,Arjun Nair,27,Male,Operations,Supervisor,Married,1,Technical Degree,Travel_Rarely,5,2020-07-15,6,6,2,2,24349,11,0,Yes,1,1,2,3,1,Yes
1256,Nitin Deshmukh,55,Male,R&D,Research Scientist,Married,1,Life Sciences,Travel_Rarely,3,2017-09-09,31,9,9,0,34129,24,2,Yes,3,2,3,3,4,No
1257,Vikram Iyer,42,Female,Sales,Account Manager,Married,5,Human Resources,Travel_Rarely,24,2015-10-26,20,11,1,2,48727,25,2,Yes,4,4,4,4,2,No
1258,Amit Kulkarni,56,Male,Operations,Operations Manager,Married,2,Marketing,Travel_Rarely,23,2024-01-07,35,2,1,6,36301,18,0,No,2,4,2,3,4,No
1259,Arjun Bhosale,56,Female,IT,Software Engineer,Married,4,Human Resources,Travel_Rarely,7,2014-06-26,33,12,10,4,36195,23,0,No,1,1,3,3,4,No
1260,Sonal Nair,32,Female,HR,HR Manager,Single,5,Human Resources,Travel_Rarely,16,2021-07-01,10,5,0,1,38170,13,0,No,4,4,4,3,0,No
1261,Riya Sharma,45,Female,R&D,Research Scientist,Single,3,Medical,Non-Travel,19,2023-02-25,24,3,1,3,33315,20,1,Yes,3,2,1,3,0,No
1262,Suresh Verma,56,Female,Finance,Finance Manager,Married,4,Marketing,Travel_Rarely,13,2014-09-12,34,12,2,4,49458,20,2,No,2,3,2,3,5,No
1263,Meera Bhosale,38,Female,Sales,Sales Manager,Divorced,4,Technical Degree,Travel_Frequently,11,2012-04-11,14,14,7,3,66929,13,2,Yes,3,4,2,3,3,No
1264,Sameer Sharma,24,Male,HR,HR Executive,Single,4,Life Sciences,Travel_Rarely,29,2024-01-21,2,2,0,0,27383,12,1,No,3,3,2,3,3,No
1265,Suresh Kulkarni,33,Female,R&D,R&D Manager,Married,1,Life Sciences,Travel_Frequently,28,2016-08-18,11,10,0,0,60130,16,2,No,3,1,3,3,4,No
1266,Anjali Patil,27,Female,Sales,Sales Executive,Married,5,Technical Degree,Travel_Rarely,2,2023-11-25,3,3,0,0,29342,20,0,No,4,4,2,3,3,No
1267,Yash Nair,57,Male,R&D,R&D Manager,Divorced,4,Human Resources,Travel_Rarely,24,2008-12-02,33,18,0,3,58518,22,1,No,3,4,4,3,2,No
1268,Rohan Joshi,37,Male,Sales,Account Manager,Married,5,Human Resources,Travel_Rarely,20,2014-05-12,15,12,3,5,69076,24,3,Yes,3,3,3,4,1,No
1269,Isha Mehta,31,Male,IT,Software Engineer,Single,3,Marketing,Travel_Rarely,5,2016-04-05,10,10,8,0,36514,22,0,No,4,3,4,3,6,No
1270,Ananya Sharma,37,Male,Sales,Sales Executive,Single,5,Marketing,Travel_Rarely,30,2021-06-05,16,5,3,5,37065,17,1,No,3,2,2,3,1,No
1271,Manish Patil,40,Male,IT,Software Engineer,Married,3,Other,Travel_Frequently,26,2017-03-08,19,9,5,0,31891,12,0,No,2,2,4,3,5,No
1272,Vikram Pawar,28,Female,Operations,Supervisor,Married,2,Human Resources,Travel_Rarely,23,2019-08-10,7,7,5,0,34843,16,1,Yes,3,2,2,3,1,No
1273,Nitin Verma,28,Male,R&D,R&D Manager,Married,4,Marketing,Travel_Rarely,9,2024-06-13,4,2,2,1,37500,22,2,Yes,3,4,3,3,6,No
1274,Riya Pawar,46,Male,Finance,Finance Manager,Married,2,Marketing,Travel_Frequently,15,2017-01-09,24,9,6,4,50679,25,1,No,3,2,2,3,0,No
1275,Meera Bhosale,22,Female,R&D,Research Scientist,Divorced,1,Life Sciences,Travel_Rarely,8,2026-02-19,0,0,0,0,21322,16,1,No,4,3,3,3,0,Yes
1276,Ananya Pawar,57,Female,IT,System Admin,Divorced,5,Human Resources,Travel_Rarely,14,2006-02-07,33,20,5,1,46756,18,2,Yes,3,3,3,4,0,No
1277,Nitin Joshi,55,Female,IT,System Admin,Single,2,Other,Travel_Rarely,13,2025-12-13,34,1,0,1,28209,15,0,Yes,2,3,2,3,2,Yes
1278,Om Gupta,32,Female,R&D,Research Scientist,Divorced,3,Medical,Travel_Rarely,23,2021-04-20,8,5,1,1,32334,19,0,No,3,2,2,4,4,No
1279,Amit Gupta,44,Female,Sales,Sales Manager,Single,2,Marketing,Travel_Rarely,24,2011-09-23,21,15,7,4,67177,18,1,No,4,3,4,3,6,Yes
1280,Amit Gupta,52,Male,HR,HR Manager,Divorced,4,Life Sciences,Travel_Rarely,9,2011-04-10,31,15,6,2,70572,13,1,No,3,3,2,3,4,No
1281,Swati Sharma,33,Female,Sales,Sales Manager,Divorced,1,Marketing,Travel_Frequently,5,2021-06-09,11,5,3,2,42037,23,1,Yes,4,4,2,3,5,No
1282,Suresh Patil,33,Female,Sales,Sales Executive,Single,3,Marketing,Travel_Frequently,17,2018-06-17,9,8,5,0,29981,14,0,No,2,3,3,3,3,No
1283,Vikram Nair,56,Female,R&D,R&D Manager,Married,2,Medical,Travel_Rarely,20,2011-11-02,34,15,15,2,50768,25,0,Yes,3,1,3,3,6,No
1284,Isha Kulkarni,23,Male,R&D,Lab Technician,Single,3,Marketing,Non-Travel,16,2026-08-11,0,0,0,0,26654,23,1,No,2,3,2,3,2,No
1285,Yash Patil,52,Male,Sales,Sales Manager,Divorced,5,Life Sciences,Travel_Rarely,28,2020-07-04,28,6,1,4,54617,20,2,No,2,2,3,3,2,No
1286,Rohan Pawar,50,Female,R&D,R&D Manager,Single,5,Life Sciences,Travel_Rarely,16,2018-10-05,26,8,5,2,43370,21,1,Yes,3,1,3,3,6,No
1287,Sonal Patil,38,Female,R&D,R&D Manager,Married,5,Life Sciences,Travel_Rarely,5,2013-01-14,17,13,9,2,54473,24,0,Yes,4,3,3,3,3,No
1288,Suresh Kapoor,58,Female,HR,HR Executive,Single,4,Technical Degree,Travel_Rarely,5,2014-09-18,37,12,11,1,35826,19,2,No,2,2,3,3,4,Yes
1289,Anjali Bhosale,22,Male,Operations,Operations Executive,Single,2,Life Sciences,Travel_Rarely,14,2025-09-22,1,1,0,1,20805,18,2,No,4,2,3,3,5,Yes
1290,Yash Chavan,43,Male,IT,Software Engineer,Single,2,Technical Degree,Travel_Rarely,4,2016-08-19,21,10,1,5,41633,21,1,No,3,1,3,3,2,No
1291,Ananya Sharma,48,Female,Finance,Financial Analyst,Married,5,Human Resources,Travel_Rarely,17,2024-06-02,24,2,1,1,27127,16,0,No,3,2,1,3,1,No
1292,Isha Bhosale,50,Female,Sales,Sales Executive,Married,2,Technical Degree,Travel_Rarely,27,2025-12-23,27,1,0,6,32333,18,0,Yes,3,4,4,3,4,No
1293,Anjali Kapoor,34,Female,Operations,Operations Executive,Single,4,Human Resources,Travel_Rarely,4,2013-02-15,13,13,10,4,34131,17,0,No,3,1,2,3,4,No
1294,Arjun Bhosale,25,Female,IT,IT Manager,Divorced,3,Technical Degree,Travel_Rarely,6,2024-10-22,2,2,0,0,39447,18,0,No,2,2,3,4,4,No
1295,Neha Gupta,37,Female,IT,Software Engineer,Married,5,Medical,Travel_Frequently,5,2020-11-09,13,6,4,1,36721,13,0,No,3,3,3,3,0,No
1296,Ritu Gupta,29,Female,IT,System Admin,Single,5,Human Resources,Travel_Rarely,5,2019-05-18,7,7,7,2,33988,23,1,Yes,3,3,1,3,1,Yes
1297,Riya Verma,43,Female,Finance,Accountant,Single,1,Life Sciences,Travel_Rarely,19,2008-05-09,22,18,3,4,42495,24,1,No,2,3,3,4,3,Yes
1298,Suresh Mehta,27,Female,R&D,Lab Technician,Married,3,Marketing,Non-Travel,20,2021-11-17,5,5,5,1,34980,12,1,No,2,3,4,3,1,No
1299,Riya Verma,22,Male,Sales,Sales Executive,Divorced,2,Human Resources,Travel_Frequently,14,2026-05-27,0,0,0,1,25672,11,0,Yes,3,4,1,3,1,Yes
1300,Yash Verma,30,Female,HR,HR Executive,Married,4,Medical,Travel_Rarely,13,2019-02-25,7,7,2,0,31322,13,1,No,3,4,1,3,3,No
1301,Manish Bhosale,30,Male,Finance,Finance Manager,Single,5,Life Sciences,Travel_Rarely,6,2019-03-27,7,7,6,0,58271,23,3,Yes,1,4,2,3,2,No
1302,Vikram Chavan,40,Female,Finance,Financial Analyst,Married,3,Life Sciences,Travel_Rarely,23,2010-02-23,17,16,3,5,48614,24,0,No,3,3,2,3,6,No
1303,Kavita Iyer,56,Female,Sales,Account Manager,Single,1,Medical,Travel_Rarely,4,2013-03-13,34,13,8,4,62705,21,1,No,1,2,2,3,6,No
1304,Rohan Pawar,51,Female,Sales,Account Manager,Married,2,Other,Travel_Rarely,10,2026-06-21,28,0,0,6,49341,25,2,No,4,3,3,3,6,No
1305,Deepak Mehta,21,Male,Finance,Finance Manager,Single,3,Human Resources,Travel_Rarely,21,2026-09-15,0,0,0,1,32027,12,0,No,2,3,3,3,4,No
1306,Isha Kulkarni,52,Female,HR,Recruiter,Married,1,Human Resources,Non-Travel,23,2013-05-22,30,13,1,3,44188,24,0,Yes,2,2,3,3,0,No
1307,Sneha Gupta,51,Male,Finance,Accountant,Single,4,Life Sciences,Travel_Frequently,15,2012-10-20,27,14,13,2,37147,21,2,No,4,4,3,3,2,No
1308,Kavita Joshi,45,Female,Sales,Sales Manager,Single,3,Marketing,Travel_Rarely,6,2016-04-14,24,10,5,5,43436,24,2,Yes,3,4,4,4,0,Yes
1309,Ganesh Bhosale,25,Male,Operations,Supervisor,Divorced,1,Human Resources,Travel_Rarely,30,2024-04-18,2,2,2,1,27044,15,3,No,2,1,2,3,0,No
1310,Riya Reddy,55,Male,Sales,Sales Manager,Married,1,Other,Travel_Rarely,15,2015-09-19,32,11,1,1,50334,19,2,No,2,4,3,3,2,No
1311,Riya Rao,30,Male,Sales,Sales Executive,Married,4,Human Resources,Travel_Rarely,14,2020-01-20,6,6,1,1,34541,24,2,Yes,2,4,4,4,1,No
1312,Amit Bhosale,37,Female,R&D,Research Scientist,Divorced,2,Life Sciences,Travel_Rarely,23,2019-03-11,15,7,1,3,28967,12,1,No,2,2,3,3,3,No
1313,Sameer Kapoor,49,Male,Sales,Sales Executive,Married,2,Other,Non-Travel,28,2023-02-20,25,3,0,5,32500,23,1,No,3,1,4,3,3,No
1314,Deepak Patil,36,Male,R&D,Research Scientist,Divorced,4,Human Resources,Travel_Frequently,26,2014-07-03,12,12,8,3,33727,16,2,No,1,1,2,3,5,No
1315,Pooja Sharma,54,Male,HR,HR Executive,Married,3,Technical Degree,Travel_Rarely,7,2020-01-22,32,6,6,6,34139,19,3,Yes,4,4,4,3,6,No
1316,Rahul Rao,45,Male,Finance,Financial Analyst,Divorced,1,Other,Travel_Rarely,20,2012-01-10,21,14,5,6,39933,11,0,No,3,3,3,3,6,No
1317,Yash Kapoor,21,Female,Sales,Sales Executive,Married,1,Life Sciences,Travel_Rarely,1,2026-07-23,0,0,0,1,31801,24,1,No,3,2,3,3,5,No
1318,Tanvi Nair,26,Male,Operations,Operations Manager,Married,3,Marketing,Non-Travel,28,2022-08-23,4,4,1,0,46124,13,1,No,2,2,1,3,3,Yes
1319,Sonal Kulkarni,57,Female,R&D,Lab Technician,Single,1,Life Sciences,Travel_Rarely,4,2013-10-19,35,13,9,3,36881,11,2,Yes,3,1,1,3,4,No
1320,Meera Iyer,42,Male,Sales,Sales Manager,Single,5,Technical Degree,Travel_Rarely,28,2021-09-26,18,5,3,2,48117,18,0,No,3,3,4,3,5,Yes
1321,Anjali Pawar,22,Male,Sales,Sales Executive,Married,1,Human Resources,Travel_Rarely,12,2026-05-24,0,0,0,0,21362,11,2,No,4,1,2,3,1,Yes
1322,Riya Mehta,26,Male,Finance,Finance Manager,Single,4,Medical,Travel_Rarely,17,2024-10-28,2,2,2,0,33485,16,0,No,2,3,4,3,5,Yes
1323,Karan Reddy,49,Male,Sales,Sales Executive,Single,4,Marketing,Travel_Rarely,9,2023-11-21,26,3,1,4,24367,17,0,No,2,4,2,3,2,Yes
1324,Tanvi Chavan,36,Male,HR,HR Executive,Divorced,4,Marketing,Travel_Rarely,29,2022-06-08,14,4,3,0,32394,14,0,No,1,3,3,4,6,Yes
1325,Isha Chavan,46,Female,HR,HR Manager,Divorced,2,Other,Travel_Rarely,30,2009-02-16,22,17,17,6,59893,15,2,Yes,3,3,2,3,1,No
1326,Rahul Kulkarni,48,Female,R&D,Lab Technician,Divorced,4,Marketing,Travel_Rarely,1,2011-05-17,25,15,1,3,40858,24,0,Yes,3,1,2,3,2,No
1327,Nitin Nair,56,Male,Finance,Accountant,Married,3,Marketing,Travel_Rarely,24,2015-09-02,35,11,4,1,36765,13,0,Yes,3,3,3,4,3,No
1328,Suresh Joshi,55,Male,R&D,Research Scientist,Married,4,Marketing,Travel_Rarely,30,2017-02-14,34,9,5,3,31046,19,2,Yes,2,3,4,3,1,No
1329,Arjun Nair,43,Male,IT,Software Engineer,Married,4,Marketing,Travel_Rarely,28,2019-02-13,19,7,7,0,32637,11,2,No,2,3,3,3,2,No
1330,Ananya Kulkarni,27,Female,HR,Recruiter,Divorced,2,Medical,Travel_Rarely,5,2022-08-03,4,4,0,1,32628,13,1,Yes,3,3,2,4,0,No
1331,Ananya Verma,28,Female,R&D,Research Scientist,Single,4,Medical,Travel_Rarely,11,2020-07-06,6,6,4,0,33602,23,0,Yes,4,3,4,3,0,No
1332,Ananya Joshi,26,Female,Sales,Sales Executive,Divorced,1,Other,Travel_Frequently,2,2021-06-02,5,5,4,1,26808,19,0,No,3,2,4,3,0,No
1333,Isha Gupta,42,Male,Finance,Finance Manager,Single,5,Technical Degree,Travel_Rarely,7,2023-02-04,19,3,3,1,34610,20,0,No,3,4,1,3,4,No
1334,Priya Rao,32,Male,Operations,Operations Manager,Single,1,Life Sciences,Travel_Rarely,6,2016-08-28,10,10,6,0,46463,12,0,No,3,3,3,3,1,No
1335,Ananya Kulkarni,48,Female,IT,System Admin,Divorced,4,Life Sciences,Non-Travel,5,2025-09-28,26,1,1,4,27383,16,1,No,4,4,1,3,1,No
1336,Aditya Bhosale,43,Male,IT,System Admin,Married,3,Other,Travel_Rarely,8,2018-04-26,20,8,2,6,39178,20,0,No,3,2,3,3,1,No
1337,Kavita Pawar,34,Male,Finance,Financial Analyst,Divorced,4,Human Resources,Travel_Rarely,30,2025-01-17,11,1,1,3,19620,16,0,No,4,3,1,3,1,Yes
1338,Om Deshmukh,26,Male,R&D,Research Scientist,Single,4,Human Resources,Travel_Rarely,21,2026-04-23,2,0,0,1,18709,17,1,No,3,1,2,4,4,No
1339,Nitin Reddy,30,Female,R&D,Lab Technician,Divorced,1,Life Sciences,Travel_Frequently,28,2018-11-28,8,8,5,0,38128,25,3,No,2,4,4,4,5,Yes
1340,Neha Kapoor,58,Male,Operations,Operations Executive,Single,3,Other,Travel_Frequently,26,2015-09-08,34,11,7,0,43851,25,0,No,2,2,2,3,3,No
1341,Pooja Mehta,25,Female,R&D,Lab Technician,Single,3,Life Sciences,Travel_Rarely,4,2024-03-22,2,2,0,1,32989,11,3,No,3,4,2,3,0,No
1342,Om Nair,52,Female,IT,IT Manager,Married,1,Other,Non-Travel,13,2014-05-27,30,12,8,5,52614,21,0,No,2,3,1,3,5,No
1343,Rahul Joshi,44,Female,R&D,Lab Technician,Divorced,4,Human Resources,Travel_Rarely,29,2008-10-23,23,18,8,3,39855,12,1,No,3,2,2,3,2,Yes
1344,Riya Rao,27,Male,Finance,Financial Analyst,Married,4,Medical,Travel_Frequently,9,2022-09-26,4,4,0,0,25010,24,1,Yes,3,3,2,4,2,No
1345,Ganesh Reddy,21,Male,Operations,Supervisor,Married,2,Other,Travel_Rarely,17,2026-03-12,0,0,0,0,18231,20,1,Yes,3,4,2,3,2,No
1346,Manish Joshi,42,Male,HR,Recruiter,Married,2,Marketing,Non-Travel,18,2016-08-18,21,10,7,6,31750,16,2,No,2,4,3,3,1,No
1347,Suresh Joshi,30,Female,Finance,Finance Manager,Married,1,Technical Degree,Non-Travel,2,2022-07-26,8,4,4,2,38489,11,3,No,4,3,1,3,5,No
1348,Divya Chavan,29,Male,Sales,Account Manager,Divorced,1,Marketing,Travel_Rarely,27,2020-10-18,6,6,5,1,44125,14,0,No,2,3,3,3,2,No
1349,Swati Bhosale,51,Male,R&D,Lab Technician,Married,2,Other,Travel_Frequently,8,2015-10-25,29,11,2,4,33394,24,0,Yes,3,3,2,4,5,No
1350,Sonal Sharma,44,Female,IT,System Admin,Married,4,Life Sciences,Travel_Rarely,10,2006-03-27,23,20,2,0,47563,11,0,Yes,3,3,4,4,6,No
1351,Om Iyer,39,Female,IT,Software Engineer,Divorced,2,Technical Degree,Travel_Rarely,5,2010-02-07,16,16,10,3,43377,14,0,No,3,4,2,3,2,Yes
1352,Kavita Patil,26,Male,Finance,Accountant,Divorced,4,Medical,Travel_Rarely,10,2022-07-23,4,4,4,0,22943,14,1,Yes,1,4,3,3,3,Yes
1353,Swati Chavan,45,Male,R&D,R&D Manager,Single,4,Human Resources,Travel_Rarely,18,2025-02-18,22,1,1,1,43794,13,2,Yes,3,1,1,3,5,No
1354,Amit Rao,52,Female,HR,HR Executive,Single,1,Medical,Travel_Rarely,13,2020-11-02,31,6,6,3,35970,18,0,No,2,3,3,3,4,No
1355,Suresh Iyer,37,Male,Operations,Operations Manager,Single,3,Human Resources,Travel_Rarely,22,2025-10-04,13,1,0,1,46501,18,3,Yes,3,4,3,3,0,Yes
1356,Anjali Deshmukh,26,Male,Sales,Account Manager,Divorced,5,Marketing,Non-Travel,17,2022-06-04,4,4,3,0,44820,13,1,No,2,3,4,3,4,No
1357,Swati Pawar,44,Male,HR,Recruiter,Single,4,Medical,Travel_Rarely,11,2020-06-28,20,6,3,1,36188,18,1,No,3,1,3,4,3,No
1358,Sneha Sharma,39,Female,IT,Software Engineer,Married,1,Medical,Travel_Frequently,5,2021-10-04,16,5,1,0,26125,13,0,Yes,3,2,2,4,3,No
1359,Isha Kulkarni,40,Female,Finance,Financial Analyst,Single,4,Medical,Travel_Rarely,23,2008-02-20,18,18,16,1,36020,19,1,Yes,3,4,3,3,6,No
1360,Divya Bhosale,31,Male,R&D,Research Scientist,Single,3,Human Resources,Travel_Frequently,26,2021-08-05,7,5,0,1,25667,11,1,Yes,2,2,3,3,2,Yes
1361,Nitin Nair,31,Male,IT,System Admin,Single,5,Medical,Travel_Rarely,7,2024-09-12,7,2,0,2,24682,14,0,Yes,1,3,4,3,2,No
1362,Sameer Rao,29,Female,Operations,Supervisor,Divorced,5,Marketing,Travel_Rarely,3,2019-04-15,7,7,0,0,35096,18,1,No,4,2,4,3,3,No
1363,Om Joshi,38,Female,IT,Software Engineer,Married,5,Technical Degree,Travel_Rarely,22,2009-02-26,17,17,3,5,49598,20,1,Yes,3,1,2,3,3,No
1364,Rohan Bhosale,50,Male,Sales,Account Manager,Married,5,Other,Travel_Rarely,20,2016-11-17,26,10,9,1,55622,14,3,No,2,2,2,3,5,No
1365,Rohan Joshi,43,Male,R&D,Lab Technician,Single,3,Technical Degree,Travel_Rarely,2,2025-02-03,19,1,0,2,28993,24,0,No,3,3,3,4,2,No
1366,Manish Iyer,56,Male,R&D,Research Scientist,Divorced,1,Life Sciences,Travel_Rarely,8,2016-01-04,34,10,8,0,33898,13,2,No,3,2,1,4,0,Yes
1367,Anjali Rao,43,Male,R&D,R&D Manager,Divorced,5,Technical Degree,Travel_Rarely,20,2009-02-10,20,17,1,4,61949,17,2,No,4,4,2,3,5,No
1368,Pooja Mehta,27,Male,IT,System Admin,Divorced,4,Medical,Travel_Rarely,26,2023-09-11,3,3,3,1,28544,15,0,Yes,2,4,4,3,2,Yes
1369,Anjali Mehta,53,Male,HR,HR Executive,Divorced,4,Human Resources,Travel_Rarely,25,2007-04-21,32,19,8,6,45098,16,3,Yes,3,4,4,3,4,No
1370,Priya Gupta,51,Male,Sales,Sales Manager,Single,2,Other,Non-Travel,19,2023-10-06,30,3,2,1,48589,23,1,No,2,3,2,4,5,No
1371,Manish Sharma,58,Male,Operations,Operations Manager,Divorced,3,Medical,Travel_Rarely,26,2009-09-23,34,17,17,2,49328,19,1,No,2,3,3,3,0,No
1372,Riya Gupta,28,Female,HR,HR Executive,Married,3,Medical,Travel_Rarely,10,2021-02-26,5,5,2,1,29769,15,0,No,4,2,3,4,3,No
1373,Swati Sharma,49,Female,IT,System Admin,Divorced,4,Technical Degree,Travel_Rarely,25,2015-04-11,26,11,7,6,34422,11,0,No,4,3,3,3,5,No
1374,Neha Nair,39,Male,R&D,Research Scientist,Single,1,Other,Travel_Rarely,18,2019-12-06,16,7,6,1,26959,24,1,No,2,3,1,4,5,No
1375,Karan Reddy,34,Male,Sales,Sales Executive,Single,3,Medical,Travel_Rarely,6,2021-09-24,12,5,0,0,25368,20,2,Yes,3,3,4,3,0,Yes
1376,Nitin Chavan,28,Male,R&D,R&D Manager,Married,4,Other,Travel_Rarely,6,2022-09-05,6,4,0,2,53640,11,0,Yes,3,3,1,4,4,No
1377,Neha Pawar,52,Female,Operations,Operations Manager,Married,4,Medical,Travel_Rarely,26,2020-07-15,31,6,4,3,41311,23,2,No,3,4,2,3,5,Yes
1378,Pooja Kulkarni,22,Male,Finance,Accountant,Divorced,2,Human Resources,Travel_Rarely,19,2026-08-25,0,0,0,1,20194,20,1,Yes,4,2,4,3,4,Yes
1379,Riya Chavan,24,Female,Operations,Operations Executive,Divorced,3,Technical Degree,Non-Travel,22,2023-03-08,3,3,2,0,34033,25,1,No,2,4,4,3,1,No
1380,Ritu Rao,45,Male,Sales,Sales Manager,Single,4,Life Sciences,Non-Travel,4,2026-02-19,21,0,0,0,50000,12,3,No,2,2,3,3,1,No
1381,Amit Joshi,26,Male,IT,Software Engineer,Single,4,Life Sciences,Travel_Rarely,18,2021-03-04,5,5,4,0,29743,11,1,Yes,3,3,3,3,0,No
1382,Manish Sharma,45,Male,IT,IT Manager,Divorced,2,Life Sciences,Travel_Frequently,7,2020-02-20,24,6,1,4,43866,25,2,Yes,4,1,4,4,4,No
1383,Ananya Deshmukh,41,Female,Sales,Account Manager,Married,1,Human Resources,Travel_Rarely,20,2026-10-04,19,0,0,0,39757,20,0,Yes,2,2,4,4,3,No
1384,Suresh Rao,44,Female,Finance,Financial Analyst,Divorced,2,Life Sciences,Travel_Rarely,29,2008-09-05,20,18,14,3,46747,17,1,No,3,3,4,4,2,No
1385,Ganesh Verma,47,Female,Sales,Sales Manager,Divorced,5,Technical Degree,Non-Travel,2,2025-01-18,24,1,0,1,40297,13,2,No,4,2,3,3,2,No
1386,Anjali Kulkarni,21,Female,HR,HR Manager,Married,3,Medical,Travel_Frequently,23,2026-08-21,0,0,0,1,50048,23,0,No,4,4,3,4,5,No
1387,Deepak Nair,43,Male,Finance,Financial Analyst,Married,2,Marketing,Travel_Frequently,12,2007-04-22,21,19,1,3,40639,23,2,No,4,1,2,3,6,No
1388,Pooja Bhosale,47,Female,IT,Software Engineer,Divorced,2,Technical Degree,Travel_Rarely,28,2021-05-07,25,5,0,3,24616,15,0,No,4,4,1,3,3,Yes
1389,Arjun Gupta,54,Male,Finance,Finance Manager,Single,1,Technical Degree,Travel_Rarely,5,2016-06-04,33,10,10,0,45860,11,2,No,4,3,3,4,6,No
1390,Ganesh Chavan,53,Male,Sales,Account Manager,Divorced,2,Life Sciences,Travel_Rarely,24,2025-05-15,31,1,1,1,42028,11,1,Yes,2,4,3,3,6,No
1391,Karan Mehta,45,Male,Sales,Sales Manager,Married,2,Other,Travel_Rarely,25,2020-11-17,22,6,1,0,46051,22,2,No,3,4,3,3,2,No
1392,Om Iyer,46,Male,Sales,Account Manager,Single,2,Life Sciences,Travel_Rarely,18,2026-09-08,22,0,0,1,33238,19,1,No,3,3,4,3,4,No
1393,Neha Pawar,30,Male,IT,System Admin,Divorced,4,Life Sciences,Travel_Rarely,8,2017-01-12,9,9,4,3,29101,19,2,Yes,4,3,3,3,2,No
1394,Nitin Iyer,46,Female,R&D,Lab Technician,Divorced,3,Medical,Travel_Rarely,4,2007-12-11,22,19,15,1,40469,15,0,No,1,4,3,3,0,Yes
1395,Deepak Bhosale,38,Male,Sales,Sales Manager,Divorced,3,Human Resources,Travel_Rarely,3,2016-03-15,15,10,8,1,60278,19,2,No,3,4,2,3,0,No
1396,Pooja Deshmukh,35,Male,IT,System Admin,Married,1,Marketing,Travel_Frequently,13,2020-08-27,11,6,5,2,30350,15,0,Yes,3,2,3,3,3,Yes
1397,Yash Deshmukh,48,Male,IT,Software Engineer,Married,4,Medical,Travel_Rarely,15,2011-12-02,25,15,4,1,42259,17,1,No,3,2,1,3,1,No
1398,Meera Iyer,27,Male,IT,System Admin,Single,3,Other,Travel_Rarely,23,2022-05-26,4,4,2,0,29601,16,0,No,3,4,2,3,4,No
1399,Divya Sharma,27,Male,Operations,Supervisor,Single,3,Other,Travel_Frequently,30,2023-01-23,3,3,3,1,33970,17,0,No,2,4,2,3,3,No
1400,Meera Verma,52,Female,IT,IT Manager,Single,4,Human Resources,Travel_Rarely,26,2022-01-23,31,4,4,6,42166,20,1,No,3,2,4,3,5,No
